xField,yField,Type,Location,Dispatcher,Description,Priority,Work Order Id,Due Date,Attachment,Worker
-118.15,33.8,1,123 Street # 765,1,Test Description,4,1,4/28/2016 23:59:59,../sample_data/attachments/logo1.png,jane_doe_the_worker
-118.37,34.086,2,124 Street # 765,2,Test Description,3,2,4/29/2016 08:00:00,../sample_data/attachments/logo1.png,jane_doe_the_worker
-118.59,34.372,3,125 Street # 765,1,Test Description,2,3,4/30/2016 09:23:23,../sample_data/attachments/logo1.png,jane_doe_the_worker
-118.81,34.658,1,126 Street # 765,2,Test Description,1,4,5/1/2016 12:00:00,../sample_data/attachments/logo1.png,jane_doe_the_worker
-119.03,34.944,2,127 Street # 765,1,Test Description,1,5,5/2/2016 17:50:50,../sample_data/attachments/logo1.png,jane_doe_the_worker
-119.25,35.23,1,128 Street # 765,2,Test Description,2,6,5/3/2016 18:30:00,../sample_data/attachments/logo1.png,jane_doe_the_worker
-119.47,35.516,1,129 Street # 765,1,Nasa Logo,3,7,5/4/2016 00:01:00,../sample_data/attachments/logo2.png,jane_doe_the_worker
-119.69,35.802,3,130 Street # 765,2,Test Description,4,8,5/5/2016 12:30:00,../sample_data/attachments/logo1.png,jane_doe_the_worker
-119.91,36.088,1,131 Street # 765,1,Test Description,3,9,5/6/2016 12:45:00,../sample_data/attachments/logo1.png,jane_doe_the_worker
-120.13,36.374,2,132 Street # 765,2,Nasa Logo,2,10,5/7/2016 15:30:00,,jane_doe_the_worker
-120.35,36.66,1,133 Street # 765,1,Nasa Logo,1,11,5/8/2016 10:00:00,../sample_data/attachments/logo2.png,jane_doe_the_worker
